{"cameraMode":{"drawMode":0,"name":"Shaded","section":"Shading Mode"},"sceneLighting":false,"audioPlay":false,"sceneViewState":{"m_AlwaysRefresh":false,"showFog":true,"showSkybox":false,"showFlares":true,"showImageEffects":true,"showParticleSystems":true,"showVisualEffectGraphs":true,"m_FxEnabled":true},"in2DMode":false,"pivot":{"x":0.05815425515174866,"y":0.18594388663768769,"z":0.027956843376159669},"rotation":{"x":0.12016324698925019,"y":-0.25029319524765017,"z":0.031323861330747607,"w":0.9601750373840332},"size":2.8079442977905275,"orthographic":false}