{"cameraMode":{"drawMode":0,"name":"Shaded","section":"Shading Mode"},"sceneLighting":true,"audioPlay":false,"sceneViewState":{"m_AlwaysRefresh":false,"showFog":true,"showSkybox":true,"showFlares":true,"showImageEffects":true,"showParticleSystems":true,"showVisualEffectGraphs":true,"m_FxEnabled":true},"in2DMode":false,"pivot":{"x":-0.6392999887466431,"y":4.232759952545166,"z":0.7931861877441406},"rotation":{"x":0.23086869716644288,"y":-0.09033496677875519,"z":0.021533260121941568,"w":0.9685443639755249},"size":5.138059616088867,"orthographic":false}