{"cameraMode":{"drawMode":0,"name":"Shaded","section":"Shading Mode"},"sceneLighting":true,"audioPlay":false,"sceneViewState":{"m_AlwaysRefresh":false,"showFog":true,"showSkybox":true,"showFlares":true,"showImageEffects":true,"showParticleSystems":true,"showVisualEffectGraphs":true,"m_FxEnabled":true},"in2DMode":false,"pivot":{"x":13.328883171081543,"y":-50.95494079589844,"z":70.66585540771485},"rotation":{"x":0.6920998096466065,"y":-0.0032477190252393486,"z":0.00311490660533309,"w":0.7217975854873657},"size":103.2260971069336,"orthographic":false}