{"cameraMode":{"drawMode":0,"name":"Shaded","section":"Shading Mode"},"sceneLighting":true,"audioPlay":false,"sceneViewState":{"m_AlwaysRefresh":false,"showFog":true,"showSkybox":true,"showFlares":true,"showImageEffects":true,"showParticleSystems":true,"showVisualEffectGraphs":true,"m_FxEnabled":true},"in2DMode":false,"pivot":{"x":24.868526458740236,"y":-18.085506439208986,"z":21.382282257080079},"rotation":{"x":0.422819048166275,"y":0.2757527530193329,"z":-0.13679394125938416,"w":0.8523356318473816},"size":39.850772857666019,"orthographic":false}