{"cameraMode":{"drawMode":0,"name":"Shaded","section":"Shading Mode"},"sceneLighting":true,"audioPlay":false,"sceneViewState":{"m_AlwaysRefresh":false,"showFog":true,"showSkybox":true,"showFlares":true,"showImageEffects":true,"showParticleSystems":true,"showVisualEffectGraphs":true,"m_FxEnabled":true},"in2DMode":false,"pivot":{"x":21.072608947753908,"y":-35.716331481933597,"z":101.21172332763672},"rotation":{"x":-0.22887380421161652,"y":-0.056327927857637408,"z":0.013267758302390576,"w":-0.971752405166626},"size":82.64147186279297,"orthographic":false}