{"cameraMode":{"drawMode":0,"name":"Shaded","section":"Shading Mode"},"sceneLighting":true,"audioPlay":false,"sceneViewState":{"m_AlwaysRefresh":false,"showFog":true,"showSkybox":true,"showFlares":true,"showImageEffects":true,"showParticleSystems":true,"showVisualEffectGraphs":true,"m_FxEnabled":true},"in2DMode":false,"pivot":{"x":-0.6717128753662109,"y":0.6323153972625732,"z":-0.29497435688972475},"rotation":{"x":-0.20262722671031953,"y":0.6818669438362122,"z":-0.20556609332561494,"w":-0.6721190214157105},"size":7.448986530303955,"orthographic":false}