{"cameraMode":{"drawMode":0,"name":"Shaded","section":"Shading Mode"},"sceneLighting":false,"audioPlay":false,"sceneViewState":{"m_AlwaysRefresh":false,"showFog":true,"showSkybox":false,"showFlares":true,"showImageEffects":true,"showParticleSystems":true,"showVisualEffectGraphs":true,"m_FxEnabled":true},"in2DMode":false,"pivot":{"x":0.15137618780136109,"y":-0.04897668957710266,"z":-3.284137010574341},"rotation":{"x":0.22191593050956727,"y":0.5283072590827942,"z":-0.14536109566688538,"w":0.8065477013587952},"size":1.2458055019378663,"orthographic":false}