{"cameraMode":{"drawMode":0,"name":"Shaded","section":"Shading Mode"},"sceneLighting":false,"audioPlay":false,"sceneViewState":{"m_AlwaysRefresh":false,"showFog":true,"showSkybox":false,"showFlares":true,"showImageEffects":true,"showParticleSystems":true,"showVisualEffectGraphs":true,"m_FxEnabled":true},"in2DMode":false,"pivot":{"x":0.10107684135437012,"y":-0.9695594310760498,"z":5.16519832611084},"rotation":{"x":0.30314844846725466,"y":0.20789508521556855,"z":-0.06794895976781845,"w":0.9275045394897461},"size":2.1801376342773439,"orthographic":false}